id,marca,modelo,tipo_computador,procesador_marca,procesador_modelo,generacion_cpu,nucleos_cpu,hilos_cpu,frecuencia_base_ghz,frecuencia_max_ghz,ram_gb,tipo_ram,velocidad_ram_mhz,almacenamiento_gb,tipo_almacenamiento,almacenamiento_secundario_gb,gpu_marca,gpu_modelo,tipo_gpu,vram_gb,tamano_pantalla,resolucion_ancho,resolucion_alto,tipo_panel,tasa_refresco_hz,pantalla_tactil,bateria_wh,peso_kg,ancho_cm,profundidad_cm,grosor_cm,wifi,bluetooth,puertos_usb,puerto_hdmi,puerto_ethernet,sistema_operativo,version_so,garantia_meses,precio,precio_anterior,descuento_porcentaje,precio_usd
1000,Samsung,Samsung 2486,Notebook,Intel,Core i3,12,4.0,8,3.03,4.48,8,DDR5,4800,2000,HDD,0,Intel,Iris Xe Graphics,Integrada,0,17.3,1920,1080,TN,60,0,44.6,2.09,39.2,27.5,1.85,WiFi 6E,5.1,3,1,0,Windows 11,Home,24,4133019,4862375,15.0,1033.25
1001,Apple,Apple 3041,Ultrabook,Apple,M1,1,8.0,8,2.17,3.31,16,LPDDR5,6400,1024,SSD,0,Apple,GPU Apple,Integrada,0,13.3,2560,1600,IPS,60,0,59.3,1.13,30.5,21.7,1.91,WiFi 6E,5.0,2,1,1,macOS,Ventura,6,6565559,6911115,5.0,1641.39
1002,Xiaomi,Xiaomi 6889,Gaming,Intel,Core i5,13,6.0,12,2.23,4.55,32,DDR4,3200,2048,SSD,1000,NVIDIA,RTX 3050,Dedicada,6,15.6,1920,1080,OLED,240,0,81.7,2.37,35.9,23.0,1.84,WiFi 6,5.2,3,1,1,Windows 11,Home,12,10979884,10979884,0.0,2744.97
1003,MSI,MSI 4657,Workstation,Intel,Core i9,13,16.0,24,2.15,5.3,32,DDR5,5200,2048,SSD,0,NVIDIA,RTX A2000,Dedicada,8,15.6,2560,1600,IPS,60,0,70.3,1.54,35.6,22.6,1.53,WiFi 5,5.3,3,1,1,Windows 11,Home,12,12790654,13463846,5.0,3197.66
1004,Lenovo,Lenovo 7296,2 en 1,Intel,Core i7,11,8.0,16,2.16,5.09,8,LPDDR4X,3733,512,SSD,0,Intel,Iris Xe Graphics,Integrada,0,13.3,2560,1600,OLED,120,1,56.5,1.12,30.6,21.7,1.69,WiFi 5,5.0,3,2,0,Windows 11,Home,6,4639941,5043414,8.0,1159.99
1005,Xiaomi,Xiaomi 1759,Profesional,Intel,Core i7,12,8.0,16,2.22,4.93,32,DDR5,4800,512,SSD,0,Intel,Iris Xe Graphics,Integrada,0,15.6,2560,1600,IPS,60,1,68.4,1.45,35.9,23.1,1.5,WiFi 5,5.1,3,1,1,Windows 11,Home,12,5741768,6379742,10.0,1435.44
1006,Acer,Acer 8267,Notebook,Intel,Core i3,10,3.0,10,3.02,4.24,8,DDR4,2933,512,SSD,0,Intel,Iris Xe Graphics,Integrada,0,17.3,1920,1080,TN,60,0,44.1,1.9,39.7,27.1,1.87,WiFi 5,4.2,3,1,1,Windows 11,Home,6,2629668,2921853,10.0,657.42
1007,Xiaomi,Xiaomi 9667,Ultrabook,Intel,Core i7,12,8.0,18,2.29,4.96,8,DDR5,5600,512,SSD,0,Intel,Iris Xe Graphics,Integrada,0,14.0,1920,1080,IPS,90,1,73.2,1.53,31.2,22.6,1.89,WiFi 7,5.0,2,1,0,Windows 11,Home,12,4950007,5823538,15.0,1237.5
1008,MSI,MSI 1047,Gaming,Intel,Core i7,13,8.0,16,2.06,5.15,64,DDR5,5600,1024,SSD,0,NVIDIA,RTX A2000,Dedicada,8,15.6,2560,1600,OLED,144,0,67.5,2.31,36.3,23.1,1.9,WiFi 5,5.2,3,1,1,Windows 11,Home,12,12792441,15049931,15.0,3198.11
1009,Lenovo,Lenovo 4752,Workstation,AMD,Ryzen 9,14,13.0,20,2.27,5.14,32,DDR4,2666,1024,SSD,0,AMD,RX 7600M,Dedicada,8,15.6,1920,1080,IPS,144,0,68.7,1.77,35.6,23.0,1.48,WiFi 6,4.2,2,1,1,Windows 11,Home,24,11187909,12431010,10.0,2796.98
1010,Lenovo,Lenovo 6363,2 en 1,Intel,Core i5,13,6.0,12,2.31,4.56,16,DDR5,5600,512,SSD,0,Intel,Iris Xe Graphics,Integrada,0,13.3,1920,1080,,60,1,55.0,1.16,30.9,21.4,2.01,WiFi 6E,4.2,3,2,0,Windows 11,Pro,6,5150543,5150543,0.0,1287.64
1011,Acer,Acer 5278,Profesional,AMD,Ryzen 5,13,9.0,13,2.63,4.76,16,DDR4,3200,512,SSD,0,AMD,Radeon Graphics,Integrada,0,14.0,1920,1080,OLED,120,0,62.5,1.04,31.0,21.7,1.83,WiFi 6E,5.0,3,1,1,Windows 11,Pro,24,4495393,4495393,0.0,1123.85
1012,Dell,Dell 3052,Notebook,AMD,Ryzen 3,11,5.0,10,2.96,4.26,8,DDR4,2666,1000, ssd ,0,AMD,Radeon Graphics,Integrada,0,14.0,1920,1080,IPS,60,0,,1.54,31.3,21.8,1.79,WiFi 6E,4.2,4,1,1,Windows 11,Pro,12,3231705,3231705,0.0,807.93
1013,Dell,Dell 5627,Ultrabook,Intel,Core i7,11,8.0,16,2.35,4.52,32,DDR4,3200,512,SSD,0,Intel,Iris Xe Graphics,Integrada,0,13.3,2880,1800,IPS,60,0,71.4,1.0,29.8,21.8,2.0,WiFi 6E,5.0,4,1,1,Windows 11,Home,12,8630486,9084722,5.0,2157.62
1014,Asus,Asus 6872,Gaming,AMD,Ryzen 7,14,8.0,16,2.48,4.86,32,DDR5,5200,1024,SSD,0,NVIDIA,RTX 4070,Dedicada,8,16.0,1920,1080,VA,165,0,,2.28,35.7,24.4,1.77,WiFi 6,5.2,4,2,1,Windows 11,Pro,12,11219423,12195025,8.0,2804.86
1015,MSI,MSI 9381,Workstation,AMD,Ryzen 9,12,12.0,20,2.3,4.82,32,DDR5,5200,2048,SSD,0,NVIDIA,RTX 3050,Dedicada,6,16.0,3840,2400,IPS,144,0,89.7,1.93,36.2,24.7,1.79,WiFi 6E,4.2,4,2,0,Windows 11,Pro,12,11827078,13914209,15.0,2956.77
1016,Lenovo,Lenovo 9293,2 en 1,AMD,Ryzen 7,11,8.0,16,2.48,5.06,8,DDR4,2666,512,SSD,0,AMD,Radeon Graphics,Integrada,0,13.3,2560,1600,IPS,60,1,55.9,1.49,30.5,21.5,1.94,WiFi 5,5.1,4,1,1,Windows 11,Home,12,4444112,4937902,10.0,1111.03
1017,Samsung,Samsung 8616,Profesional,AMD,Ryzen 7,14,8.0,16,2.46,5.25,32,DDR5,4800,1024,SSD,0,AMD,Radeon Graphics,Integrada,0,14.0,1920,1080,IPS,120,0,65.2,1.62,31.5,21.6,1.67,WiFi 7,5.3,3,2,1,Windows 11,Pro,12,6414766,8018458,20.0,1603.69
1018,Xiaomi,Xiaomi 6609,Notebook,AMD,Ryzen 5,12,8.0,13,2.62,4.58,8,DDR5,5600,256,SSD,0,AMD,Radeon Graphics,Integrada,0,17.3,1366,768,IPS,120,0,35.6,2.13,39.2,27.4,1.85,WiFi 6,5.3,2,2,1,Windows 11,Home,6,3763943,3763943,0.0,940.99
1019,lenovo,Dell 8540,Ultrabook,Intel,Core i5,11,7.0,14,2.39,4.8,32,DDR4,2666,1024,SSD,0,Intel,Iris Xe Graphics,Integrada,0,13.3,2560,1600,OLED,60,0,72.6,0.93,30.7,20.8,1.94,WiFi 5,4.2,2,1,1,Windows 11,Pro,24,5555197,6535526,15.0,1388.8
1020,MSI,MSI 6727,Gaming,AMD,Ryzen 5,12,9.0,14,2.63,4.55,32,DDR5,4800,512,SSD,1000,NVIDIA,RTX 4070,Dedicada,8,16.0,2560,1600,OLED,240,0,61.8,2.01,35.4,24.6,1.88,WiFi 5,5.0,2,2,0,Windows 11,Home,24,11972252,11972252,0.0,2993.06
1021,LG,LG 2380,Workstation,Intel,Core i7,13,8.0,16,2.04,4.59,32,DDR5,4800,2048,SSD,0,NVIDIA,RTX 3050,Dedicada,6,16.0,3840,2400,IPS,60,0,65.2,2.17,35.8,24.5,1.65,WiFi 7,5.0,2,1,1,Windows 11,Pro,12,10733616,11926240,10.0,2683.4
1022,MSI,MSI 6024,2 en 1,Intel,Core i7,11,7.0,17,2.26,4.89,8,DDR4,2666,256,SSD,0,Intel,Iris Xe Graphics,Integrada,0,13.3,2560,1600,IPS,60,1,59.5,1.31,30.3,21.4,1.85,WiFi 6,5.0,2,1,1,Windows 11,Home,24,5228636,5683300,8.0,1307.16
1023,Apple,Apple 8443,Profesional,Apple,M3,3,8.0,8,2.55,4.2,16,LPDDR5,6400,512,SSD,0,Apple,GPU Apple,Integrada,0,14.0,2560,1600,OLED,60,0,57.8,1.42,31.4,22.2,1.94,WiFi 6,5.0,3,1,1,macOS,Ventura,12,6576742,7148633,8.0,1644.19
1024,HP,HP 8550,Notebook,AMD,Ryzen 3,10,4.0,9,2.93,4.17,8,DDR4,3200,256,SSD+HDD,2000,AMD,Radeon Graphics,Integrada,0,15.6,1366,768,TN,60,0,42.4,1.85,35.6,23.0,1.41,WiFi 6E,5.0,2,1,0,Windows 11,Home,24,3689761,3689761,0.0,922.44
1025,Acer,Acer 6841,Ultrabook,AMD,Ryzen 7,14,8.0,18,2.37,4.88,32,DDR5,5200,512,SSD,0,AMD,Radeon Graphics,Integrada,0,15.6,1920,1080,IPS,60,0,62.8,1.61,35.9,22.5,1.56,WiFi 7,5.2,3,1,0,Windows 11,Home,12,5668393,6161297,8.0,1417.1
1026,Lenovo,Lenovo 2597,Gaming,AMD,Ryzen 5,14,8.0,12,2.69,4.61,16,DDR5,5600,2048,SSD,0,NVIDIA,RTX 4060,Dedicada,8,16.0,2560,1600,OLED,300,0,73.6,2.12,35.7,24.1,1.86,WiFi 6E,5.3,3,1,0,Windows 11,Home,12,11065297,11647681,5.0,2766.32
1027,Lenovo,Lenovo 1667,Workstation,Intel,Core i9,13,16.0,24,2.3,5.22,64,DDR5,4800,2048,SSD,0,NVIDIA,RTX 4050,Dedicada,6,16.0,1920,1080,IPS,60,0,75.7,2.03,35.5,24.5,1.93,WiFi 7,5.2,3,2,1,Windows 11,Pro,12,12485245,14688524,15.0,3121.31
1028,MSI,MSI 2997,2 en 1,Intel,Core i3,12,4.0,8,3.04,4.38,8,LPDDR4X,3733,256,SSD,0,Intel,Iris Xe Graphics,Integrada,0,15.6,2560,1600,OLED,120,1,51.2,1.63,35.6,22.4,1.42,WiFi 7,5.3,4,1,0,Windows 11,Pro,6,5039356,5928654,15.0,1259.84
1029,Acer,Acer 7836,Profesional,AMD,Ryzen 5,14,7.0,13,2.56,4.7,32,DDR5,4800,1024,SSD,0,nvidia,Radeon Graphics,Integrada,0,16.0,2560,1600,OLED,60,1,54.2,1.84,35.5,24.0,1.83,WiFi 5,5.2,2,2,1,Windows 11,Home,12,6286495,6984994,10.0,1571.62
1030,Dell,Dell 2680,Notebook,Intel,Core i5,10,6.0,12,2.27,4.34,8,DDR4,3200,512,SSD+HDD,2000,Intel,Iris Xe Graphics,Integrada,0,15.6,1366,768,IPS,60,0,44.9,1.8,35.6,22.6,1.45,WiFi 6,5.1,3,2,1,windows 11 pro,Home,12,4477967,4477967,0.0,1119.49
1031,Apple,Apple 3560,Ultrabook,Apple,M2,2,8.0,8,2.39,3.24,16,LPDDR5,6400,512,SSD,0,Apple,GPU Apple,Integrada,0,14.0,2560,1600,IPS,60,0,66.2,1.2,30.8,22.2,1.46,WiFi 6E,5.0,3,1,1,macOS,Ventura,24,6269370,7836712,20.0,1567.34
1032,Dell,Dell 3402,Gaming,AMD,Ryzen 5,14,8.0,12,2.55,4.62,64,DDR5,4800,1024,SSD+HDD,1000,NVIDIA,RTX 4050,Dedicada,6,15.6,2560,1600,IPS,165,0,84.6,2.33,35.8,23.8,1.72,WiFi 6E,5.1,4,1,1,Windows 11,Pro,12,11668780,13727976,15.0,2917.2
1033,Dell,Dell 1544,Workstation,AMD,Ryzen 9,12,12.0,20,2.2,4.86,32,DDR5,5600,2048,SSD,0,NVIDIA,RTX A2000,Dedicada,8,16.0,1920,1080,IPS,60,0,75.0,1.62,35.5,24.1,1.53,WiFi 7,5.0,3,2,0,Windows 11,Home,6,11597192,13643755,15.0,2899.3
1034,Dell,Dell 3999,Gaming ,AMD,Ryzen 7,12,8.0,16,2.43,5.02,8,DDR5,4800,256,SSD,0,AMD,Radeon Graphics,Integrada,0,14.0,2560,1600,IPS,60,1,58.6,1.48,31.1,21.6,1.64,WiFi 6,5.3,3,1,0,Windows 11,Home,24,3952050,4295707,8.0,988.01
1035,Acer,Acer 5798,Profesional,Intel,Core i7,12,8.0,16,2.25,4.84,32,DDR5,5600,1024,SSD,0,Intel,Iris Xe Graphics,Integrada,0,14.0,1920,1080,IPS,60,1,67.0,1.06,31.3,22.3,1.47,WiFi 6,5.0,2,1,0,Windows 11,Pro,12,6306018,6306018,0.0,1576.5
1036,LG,LG 7525,Notebook,AMD,Ryzen 3,13,4.0,8,2.97,4.46,8,DDR5,5600,2000,HDD,0,AMD,Radeon Graphics,Integrada,0,14.0,1366,768,TN,120,0,41.0,1.47,31.4,22.2,1.57,WiFi 6,5.3,2,2,0,FreeDOS,,12,4081390,4534878,10.0,1020.35
1037,Apple,Apple 4735,Ultrabook,Apple,M1,1,8.0,8,1.99,3.18,16,LPDDR5,5600,512,SSD,0,Apple,GPU Apple,Integrada,0,13.3,1920,1080,OLED,60,1,51.4,1.19,30.5,21.5,2.05,WiFi 6E,5.0,4,1,1,macOS,Ventura,12,6835495,8544369,20.0,1708.87
1038,Samsung,Samsung 5630,Gaming,AMD,Ryzen 5,12,8.0,12,2.58,4.41,16,DDR5,4800,2048,SSD+HDD,1000,NVIDIA,RTX A1000,Dedicada,6,15.6,2560,1600,IPS,165,0,80.7,2.32,35.7,22.7,1.71,WiFi 7,5.1,3,2,1,Windows 11,Home,12,9876032,12345040,20.0,2469.01
1039,Acer,Acer 6874,Workstation,Intel,Core i9,13,16.0,26,2.14,5.63,64,DDR5,4800,2048,SSD,0,NVIDIA,RTX A2000,Dedicada,8,16.0,1920,1080,IPS,60,0,67.6,1.85,35.6,24.9,1.87,WiFi 6,5.1,4,1,1,Windows 11,Pro,12,13983689,15199662,8.0,3495.92
1040,Asus,Asus 1091,2 en 1,AMD,Ryzen 5,11,8.0,12,2.56,4.43,16,LPDDR4X,4266,512,SSD,0,AMD,Radeon Graphics,Integrada,0,14.0,1920,1080,,60,1,57.4,1.36,31.8,21.9,2.02,WiFi 6E,5.1,3,1,1,Windows 11,Home,12,4176111,4640123,10.0,1044.03
1041,Lenovo,Lenovo 2151,Profesional,AMD,Ryzen 7,12,8.0,16,2.3,5.01,16,DDR5,5200,512,ssd,0,AMD,Radeon Graphics,Integrada,0,14.0,1920,1080,OLED,60,0,74.1,1.34,31.4,21.7,1.51,WiFi 6,5.0,3,1,1,Windows 11,Home,6,4603887,5004225,8.0,1150.97
1042,Dell,Dell 5688,Notebook,Intel,Core i3,12,4.0,8,3.1,4.25,16,DDR5,4800,256,SSD,0,Intel,Iris Xe Graphics,Integrada,0,17.3,1366,768,TN,60,1,35.9,1.88,39.8,26.8,1.86,WiFi 7,5.0,2,1,1,Windows 11,Home,12,3654990,4061100,10.0,913.75
1043,Lenovo,Lenovo 2666,Ultrabook,Intel,Core i5,14,6.0,12,2.5,4.77,16,DDR5,5600,1024,SSD,0,Intel,Iris Xe Graphics,Integrada,0,14.0,2880,1800,IPS,60,1,72.7,1.72,31.1,22.6,1.99,WiFi 6E,4.2,3,1,0,Windows 11,Pro,12,5168451,5440475,5.0,1292.11
1044,MSI,MSI 2320,Gaming,Intel,Core i7,14,8.0,16,2.26,4.73,32,DDR5,5200,512,SSD,0,NVIDIA,RTX A1000,Dedicada,6,15.6,1920,1080,OLED,144,0,75.6,2.23,35.5,22.9,1.68,WiFi 7,5.1,3,1,1,Windows 11,Home,6,10645122,11570785,8.0,2661.28
1045,HP,HP 4081,Workstation,Intel,Core i7,12,8.0,16,2.15,5.24,32,DDR5,5600,2048,SSD,0,NVIDIA,RTX A2000,Dedicada,8,16.0,1920,1080,IPS,60,0,83.8,1.86,35.7,24.5,1.94,WiFi 6,5.0,3,2,0,Windows 11,Pro,24,11138853,13923566,20.0,2784.71
1046,Samsung,Samsung 5149,2 en 1,Intel,Core i3,12,4.0,8,3.06,4.09,16,DDR4,2933,256,SSD,0,Intel,Iris Xe Graphics,Integrada,0,14.0,2560,1600,IPS,60,1,46.4,1.36,31.1,21.7,1.71,WiFi 7,5.2,3,1,1,Windows 11,Home,24,3729187,4387279,15.0,932.3
1047,Acer,Acer 5579,Profesional,Intel,Core i5,13,6.0,12,2.41,4.72,32,DDR5,4800,1024,SSD,0,Intel,Iris Xe Graphics,Integrada,0,16.0,2560,1600,OLED,60,1,72.7,1.95,35.9,24.3,1.76,WiFi 6,5.2,3,1,1,Windows 11,Pro,12,6203374,6892638,10.0,1550.84
1048,MSI,MSI 3524,Notebook,Intel,Core i3,11,4.0,8,3.13,4.35,8,DDR4,2933,256,SSD,1000,Intel,Iris Xe Graphics,Integrada,0,14.0,1366,768,TN,60,0,47.2,1.61,31.5,22.1,1.64,WiFi 6E,5.1,4,1,1,,Pro,24,3905424,3905424,0.0,976.36
1049,Samsung,Samsung 8685,Ultrabook,Intel,Core i7,11,8.0,16,2.1,5.05,16,LPDDR4X,4266,1024,SSD,0,Intel,Iris Xe Graphics,Integrada,0,14.0,2560,1600,OLED,60,0,50.8,1.26,31.6,22.4,1.68,WiFi 6,5.0,3,1,1,Windows 11,Pro,12,4897476,5761736,15.0,1224.37
1050,Acer,Acer 2969,Gaming,AMD,Ryzen 7,13,8.0,16,2.35,5.07,32,DDR5,5200,2048,SSD+HDD,1000,NVIDIA,RTX 3050,Dedicada,4,15.6,2560,1600,OLED,300,0,64.8,2.01,35.6,23.0,1.67,WiFi 6E,5.2,3,1,0,Windows 11,Home,12,14605042,15373728,5.0,3651.26
1051,HP,HP 8115,Workstation,AMD,Ryzen 7,13,8.0,16,2.41,4.92,32,DDR4,3200,1024,SSD,0,NVIDIA,RTX 4080,Dedicada,12,15.6,3840,2400,IPS,144,0,74.7,1.75,35.6,22.4,1.51,WiFi 5,5.1,3,2,1,Windows 11,Home,24,12609476,14010529,10.0,3152.37
1052,MSI,MSI 4318,2 en 1,Intel,Core i5,12,6.0,12,2.29,4.71,8,DDR5,4800,256,SSD,0,Intel,Iris Xe Graphics,Integrada,0,14.0,2560,1600,IPS,60,1,45.3,1.57,31.5,22.1,2.02,wifi6,5.2,2,2,0,Windows 11,Home,6,4779570,5031126,5.0,1194.89
1053,Samsung,Samsung 1889,Profesional,AMD,Ryzen 7,14,8.0,16,2.37,5.17,32,DDR5,5200,512,SSD,0,AMD,Radeon Graphics,Integrada,0,16.0,2560,1600,OLED,60,0,52.1,2.0,35.7,24.4,1.88,WiFi 6,5.1,3,1,1,FreeDOS,,6,5638684,6129004,8.0,1409.67
1054,Asus,Asus 1773,Notebook,Intel,Core i3,10,3.0,10,3.06,4.45,8,LPDDR4X,4266,256,SSD,1000,Intel,Iris Xe Graphics,Integrada,0,14.0,1366,768,IPS,60,0,,1.35,31.2,22.0,1.74,WiFi 6E,4.2,3,1,0,Windows 11,Home,12,3508427,4127561,15.0,877.11
1055,Xiaomi,Xiaomi 4338,Ultrabook,Intel,Core i5,11,6.0,12,2.36,4.55,16,LPDDR4X,3733,1024,SSD,0,Intel,Iris Xe Graphics,Integrada,0,14.0,1920,1080,IPS,120,0,55.8,1.1,31.2,22.5,1.95,WiFi 6,5.0,4,1,0,Windows 11,Pro,12,5350930,5816228,8.0,1337.73
1056,LG,LG 9011,Gaming,AMD,Ryzen 7,13,8.0,16,2.55,5.05,32,DDR5,4800,512,SSD+HDD,2000,AMD,RX 7600M,Dedicada,8,15.6,2560,1600,IPS,165,0,,2.11,35.8,22.5,1.72,WiFi 6,5.0,2,1,0,Windows 11,Home,24,11687371,13749848,15.0,2921.84
1057,LG,LG 9363,Workstation,AMD,Ryzen 9,13,12.0,20,2.25,4.97,32,DDR5,5200,1024,SSD,0,NVIDIA,RTX 3050,Dedicada,6,15.6,3840,2400,IPS,60,0,65.8,1.78,35.3,22.5,1.64,WiFi 6E,5.3,2,1,1,Windows 11,Pro,12,10297353,10839319,5.0,2574.34
1058,HP ,Lenovo 9806,2 en 1,AMD,Ryzen 3,13,5.0,8,2.68,4.21,8,DDR5,4800,256,SSD,0,AMD,Radeon Graphics,Integrada,0,13.3,1920,1080,OLED,120,1,52.0,1.04,30.9,21.6,2.06,WiFi 7,4.2,3,1,1,Windows 11,Home,12,3833116,4509548,15.0,958.28
1059,Apple,Apple 3438,Profesional,Apple,M3,3,8.0,8,2.85,3.88,16,LPDDR5,5600,512,SSD,0,Apple,GPU Apple,Integrada,0,15.6,1920,1080,IPS,60,1,59.9,1.61,36.1,22.6,1.6,WiFi 5,5.1,3,1,1,macOS,Ventura,12,6678560,7030063,5.0,1669.64
1060,Dell,Dell 8623,Notebook,Intel,Core i5,12,6.0,12,2.44,4.51,8,DDR5,4800,256,SSD,0,Intel,Iris Xe Graphics,Integrada,0,14.0,1366,768,IPS,60,0,40.2,1.35,31.2,22.3,1.78,WiFi 6E,5.3,4,2,0,Windows 11,Home,24,3400830,3400830,0.0,850.21
1061,LG,LG 5468,Ultrabook,AMD,Ryzen 5,11,9.0,14,2.63,4.63,32,DDR4,2666,512,SSD,0,AMD,Radeon Graphics,Integrada,0,14.0,2880,1800,IPS,120,0,72.3,1.12,31.5,22.0,1.9,WiFi 6,5.1,3,2,1,Windows 11,Home,12,5201411,5201411,0.0,1300.35
1062,LG,LG 1594,Gaming,Intel,Core i5,14,7.0,14,2.44,4.38,32,DDR4,2933,512,SSD,0,NVIDIA,RTX 4080,Dedicada,12,17.3,2560,1600,VA,165,0,68.7,2.13,38.6,26.9,1.58,WiFi 5,4.2,4,2,0,,Pro,12,12479419,13136231,5.0,3119.85
1063,Asus,Asus 6864,Workstation,Intel,Core i7,14,8.0,18,2.47,4.87,32,DDR5,5200,1024,SSD,0,NVIDIA,RTX A2000,Dedicada,8,15.6,2560,1600,IPS,60,0,64.6,1.37,35.1,23.0,1.51,WiFi 6E,5.1,4,1,1,Windows 11,Home,24,11045824,12273138,10.0,2761.46
1064,Asus,Asus 9240,2 en 1,Intel,Core i7,11,8.0,16,2.16,4.86,16,DDR4,3200,256,SSD,0,Intel,Iris Xe Graphics,Integrada,0,15.6,2560,1600,IPS,60,1,57.7,1.81,36.0,23.0,1.43,WiFi 6E,5.1,2,1,0,Windows 11,Home,24,4450185,4450185,0.0,1112.55
1065,Acer,Acer 9089,Profesional,AMD,Ryzen 7,14,8.0,16,2.55,5.08,16,DDR5,5600,512,SSD,0,AMD,Radeon Graphics,Integrada,0,15.6,1920,1080,IPS,120,0,70.6,1.86,36.1,23.3,1.87,WiFi 5,5.0,4,1,0,Windows 11,Pro,12,5210088,6512610,20.0,1302.52
1066,Acer,Acer 1365,Notebook,AMD,Ryzen 5,11,8.0,12,2.57,4.47,8,DDR4,2933,256,SSD,0,AMD,Radeon Graphics,Integrada,0,14.0,1920,1080,IPS,60,0,38.8,1.26,30.9,21.8,1.8,WiFi 6E,4.2,3,2,1,Windows 11,Home,12,2569447,3211809,20.0,642.36
1067,LG,LG 5863,Ultrabook,Intel,Core i7,11,7.0,17,2.24,5.11,16,LPDDR4X,3733,512,SSD,0,Intel,Iris Xe Graphics,Integrada,0,14.0,2560,1600,OLED,60,0,52.5,1.6,32.0,21.5,2.0,WiFi 6E,5.0,2,1,1,Windows 11,Home,24,4383521,4383521,0.0,1095.88
1068,MSI,MSI 7476,Gaming,Intel,Core i7,12,8.0,16,2.23,5.25,32,DDR5,5600,2048,SSD+HDD,2000,NVIDIA,RTX 3050,Dedicada,4,17.3,2560,1600,IPS,300,0,88.9,2.55,38.9,27.3,1.62,WiFi 5,5.1,3,1,1,Windows 11,Home,12,12936063,14373403,10.0,3234.02
1069,Lenovo,Lenovo 8308,Workstation,AMD,Ryzen 7,13,8.0,16,2.4,4.71,32,DDR5,5200,2048,SSD,0,AMD,RX 7600M,Dedicada,8,17.3,3840,2400,IPS,120,0,69.7,2.1,40.0,27.2,1.81,WiFi 7,5.1,3,2,1,Windows 11,Pro,24,12023524,13359471,10.0,3005.88
1070,Acer,Acer 8525,2 en 1,Intel,Core i7,12,8.0,16,2.29,4.69,8,ddr4,5200,256,SSD,0,Intel,Iris Xe Graphics,Integrada,0,14.0,2560,1600,IPS,120,1,46.5,1.09,31.1,21.9,1.51,WiFi 6,4.2,3,1,0,Windows 11,Home,12,4706178,5536680,15.0,1176.54
1071,Xiaomi,Xiaomi 7470,Profesional,Intel,Core i5,12,6.0,12,2.4,4.9,16,DDR5,4800,1024,SSD,0,Intel,Iris Xe Graphics,Integrada,0,15.6,2560,1600,OLED,60,0,,1.83,35.3,23.1,1.82,WiFi 6,5.3,3,1,1,Windows 11,Pro,12,4837667,5258334,8.0,1209.42
1072,HP,HP 5217,Notebook,Intel,Core i3,11,3.0,9,3.16,4.35,16,DDR4,3200,256,SSD+HDD,1000,Intel,Iris Xe Graphics,Integrada,0,17.3,1366,768,TN,60,0,45.4,1.59,39.4,26.5,1.89,WiFi 6E,5.1,3,2,1,Windows 11,Home,12,3493980,3493980,0.0,873.5
1073,Samsung,Samsung 3011,Ultrabook,AMD,Ryzen 5,13,8.0,12,2.53,4.41,32,DDR5,4800,512,SSD,0,AMD,Radeon Graphics,Integrada,0,15.6,1920,1080,OLED,120,1,55.1,1.75,36.2,22.9,1.58,WiFi 7,5.2,3,2,1,Windows 11,Home,12,5858832,6167192,5.0,1464.71
1074,Samsung,Samsung 6474,Gaming,Intel,Core i7,13,8.0,16,2.2,4.68,16,DDR5,5600,2048,SSD,0,NVIDIA,RTX A2000,Dedicada,8,17.3,2560,1600,IPS,300,0,63.7,2.46,39.5,26.9,1.79,WiFi 6,5.3,3,1,0,Windows 11,Home,12,11374817,11374817,0.0,2843.7
1075,Xiaomi,Xiaomi 7212,Workstation,AMD,Ryzen 9,12,12.0,21,2.34,5.07,32,DDR5,5600,1024,SSD,0,AMD,RX 7600M,Dedicada,8,15.6,3840,2400,IPS,120,0,67.5,1.28,35.5,23.0,1.82,WiFi 7,4.2,2,1,1,Windows 11,Pro,12,11230802,13212708,15.0,2807.7
1076,Asus,Asus 2215,2 en 1,AMD,Ryzen 3,11,4.0,8,2.73,4.28,16,LPDDR4X,4266,256,SSD,0,AMD,Radeon Graphics,Integrada,0,15.6,2560,1600,,60,1,56.9,1.8,35.2,22.9,1.66,WiFi 6,4.2,4,1,1,Windows 11,Home,12,3960930,3960930,0.0,990.23
1077,  Asus,Apple 5838,Profesional,Apple,M3,3,8.0,8,2.7,4.04,16,LPDDR5,6400,512,SSD,0,Apple,GPU Apple,Integrada,0,14.0,1920,1080,IPS,60,1,73.2,1.56,31.5,22.4,1.98,WiFi 6,4.2,2,1,0,macOS,Ventura,12,6808000,7166316,5.0,1702.0
1078,HP,HP 3276,Notebook,AMD,Ryzen 5,13,8.0,12,2.44,4.56,16,DDR4,2666,256,SSD+HDD,1000,AMD,Radeon Graphics,Integrada,0,17.3,1366,768,TN,60,0,41.5,2.06,39.7,26.7,1.62,WiFi 7,5.0,4,2,1,Windows 11,Pro,12,4340736,5106748,15.0,1085.18
1079,Acer,Acer 4031,Ultrabook,AMD,Ryzen 7,14,8.0,16,2.5,4.95,32,LPDDR4X,3733,512,SSD,0,AMD,Radeon Graphics,Integrada,0,14.0,2560,1600,OLED,60,0,70.0,1.4,31.0,22.1,1.96,WiFi 7,5.2,3,1,1,,Home,24,5340871,5340871,0.0,1335.22
1080,Xiaomi,Xiaomi 4685,Gaming,AMD,Ryzen 9,14,12.0,20,2.54,4.74,16,DDR5,4800,1024,SSD+HDD,1000,NVIDIA,RTX A1000,Dedicada,6,15.6,1920,1080,VA,300,0,83.3,2.16,35.8,23.0,1.93,WiFi 6E,5.0,3,2,0,Windows 11,Pro,12,10879655,10879655,0.0,2719.91
1081,Asus,Asus 9296,Workstation,AMD,Ryzen 9,12,12.0,20,2.25,5.09,32,DDR5,5600,1024,SSD,0,NVIDIA,RTX 3050,Dedicada,4,17.3,3840,2400,,120,0,83.5,2.05,39.3,27.3,1.46,WiFi 6,4.2,3,2,1,Windows 11,Home,6,9976915,11085461,10.0,2494.23
1082,HP,HP 2527,2 en 1,Intel,Core i5,11,5.0,13,2.32,4.62,8,DDR4,3200,256,SSD,0,Intel,Iris Xe Graphics,Integrada,0,13.3,1920,1080,IPS,60,1,56.6,1.18,30.2,21.5,1.84,WiFi 6E,5.0,3,2,1,Windows 11,Home,12,3492233,3492233,0.0,873.06
1083,HP,HP 6611,Profesional,AMD,Ryzen 5,14,8.0,12,2.61,4.32,16,DDR5,5600,1024,SSD,0,AMD,Radeon Graphics,Integrada,0,15.6,2560,1600,OLED,60,1,56.3,1.59,35.5,23.3,1.79,WiFi 7,5.3,3,1,0,Windows 11,Pro,12,5833587,5833587,0.0,1458.4
1084,Samsung,Samsung 2079,Notebook,AMD,Ryzen 3,12,5.0,10,2.81,3.83,8,DDR5,5200,256,SSD+HDD,1000,AMD,Radeon Graphics,Integrada,0,15.6,1920,1080,TN,60,0,42.0,1.47,35.6,22.8,1.83,WiFi 5,5.2,3,2,1,Windows 11,Home,12,3945212,4383569,10.0,986.3
1085,Acer,Acer 3935,Ultrabook,Intel,Core i5,14,6.0,12,2.37,4.54,16,DDR4,2933,512,SSD + HDD,0,Intel,Iris Xe Graphics,Integrada,0,14.0,1920,1080,IPS,60,0,51.0,1.02,31.2,22.1,1.89,WiFi 5,5.0,3,2,0,Windows 11,Home,24,4333676,4333676,0.0,1083.42
1086,Samsung,Samsung 5756,Gaming,Intel,Core i7,12,8.0,16,2.11,5.0,16,DDR5,4800,2048,SSD,1000,AMD,RX 7600M,Dedicada,8,15.6,2560,1600,OLED,165,0,92.1,2.38,35.7,23.1,1.73,WiFi 6,4.2,3,1,1,Windows 11,Pro,24,11324649,11920683,5.0,2831.16
1087,Asus,Asus 5016,Workstation,AMD,Ryzen 9,12,12.0,20,2.1,5.0,64,DDR4,3200,2048,SSD,0,NVIDIA,RTX 4080,Dedicada,12,15.6,1920,1080,IPS,60,0,84.7,1.66,35.9,23.0,1.76,WiFi 6E,5.3,3,1,0,Windows 11,Pro,6,17798683,22248354,20.0,4449.67
1088,Acer,Acer 9036,2 en 1,AMD,Ryzen 7,11,8.0,16,2.42,4.87,8,DDR4,2666,256,SSD,0,AMD,Radeon Graphics,Integrada,0,14.0,2560,1600,IPS,120,1,46.5,1.54,31.4,21.8,1.46,WiFi 5,5.0,3,1,1,Windows 11,Pro,12,4682266,5202518,10.0,1170.57
1089,LG,LG 6493,Profesional,AMD,Ryzen 5,13,8.0,14,2.62,4.27,16,DDR5,4800,1024,SSD,0,AMD,Radeon Graphics,Integrada,0,14.0,2560,1600,OLED,120,1,51.5,1.06,31.5,22.6,1.66,WiFi 6,4.2,3,1,1,Windows 11,Pro,6,5621351,5621351,0.0,1405.34
1090,Samsung,Samsung 7436,Notebook,Intel,Core i3,10,4.0,8,3.14,4.18,8,DDR4,2933,512,SSD,0,Intel,Iris Xe Graphics,Integrada,0,14.0,1920,1080,IPS,60,0,39.4,1.25,31.4,21.8,1.93,WiFi 6,5.1,3,1,0,Windows 11,Pro,12,2758304,2758304,0.0,689.58
1091,Apple,Apple 9724,Ultrabook,Apple,M2,2,8.0,8,2.3,3.63,32,LPDDR5,5600,512,SSD,0,Apple,GPU Apple,Integrada,0,15.6,1920,1080,OLED,120,1,50.4,1.44,35.5,23.4,1.49,WiFi 6E,5.1,2,2,1,macOS,Ventura,12,7693977,9617471,20.0,1923.49
1092,HP,HP 4735,Gaming,AMD,Ryzen 9,13,12.0,20,2.31,5.04,16,DDR4,3200,512,SSD,1000,NVIDIA,RTX A1000,Dedicada,6,17.3,2560,1600,VA,144,0,78.3,2.65,39.3,26.9,1.85,WiFi 6E,5.3,3,1,1,Windows 11,Home,24,9587284,10091878,5.0,2396.82
1093,Acer,Acer 5874,Workstation,Intel,Core i9,13,16.0,24,2.07,5.42,64,DDR4,2666,1024,SSD,0,NVIDIA,RTX 4080,Dedicada,12,17.3,3840,2400,IPS,60,0,63.9,2.03,39.3,27.3,1.61,WiFi 5,5.2,2,1,1,Windows 11,Home,12,14791101,16077284,8.0,3697.78
1094,Samsung,Samsung 8044,2 en 1,AMD,Ryzen 3,12,4.0,8,2.85,4.23,8,DDR5,5200,256,SSD,0,AMD,Radeon Graphics,Integrada,0,13.3,1920,1080,IPS,60,1,55.7,1.15,30.5,21.3,1.69,WiFi 6,4.2,2,1,1,Windows 11,Pro,12,3222337,3222337,0.0,805.58
1095,Apple,Apple 5611,Profesional,Apple,M3,3,8.0,8,2.57,4.27,32,LPDDR5,6400,512,SSD,0,Apple,GPU Apple,Integrada,0,16.0,2560,1600,OLED,60,0,52.0,1.87,36.6,24.2,1.64,WiFi 6E,5.1,3,1,1,FreeDOS,,6,7881084,8566396,8.0,1970.27
1096,Dell,Dell 3040,Notebook,Intel,Core i5,11,5.0,12,2.47,4.54,16,LPDDR4X,4266,256,SSD+HDD,1000,Intel,Iris Xe Graphics,Integrada,0,14.0,1920,1080,IPS,60,1,48.3,1.34,31.2,21.7,1.6,WiFi 5,5.0,2,1,1,Windows 11,Pro,12,4645144,5049070,8.0,1161.29
1097,Asus,Asus 5980,Ultrabook,Intel,Core i7,12,,16,2.49,4.95,16,DDR5,5600,512,SSD,0,Intel,Iris Xe Graphics,Integrada,0,15.6,2560,1600,IPS,90,0,69.3,1.46,35.9,23.7,1.66,WiFi 5,5.1,3,1,0,Windows 11,Pro,12,4353577,4353577,0.0,1088.39
1098,Dell,Dell 8419,Gaming,Intel,Core i5,14,6.0,12,2.34,4.41,16,DDR5,5200,1024,SSD+HDD,1000,NVIDIA,RTX 3050,Dedicada,6,17.3,1920,1080,VA,165,0,54.5,2.8,39.6,27.1,1.45,WiFi 5,5.3,3,1,0,,Home,12,9686994,9686994,0.0,2421.75
1099,LG,LG 4908,Workstation,Intel,Core i7,13,8.0,16,2.21,5.02,64,DDR5,5200,1024,SSD,0,NVIDIA,RTX 4050,Dedicada,6,15.6,2560,1600,IPS,60,0,78.0,1.69,35.8,23.4,1.92,WiFi 5,5.3,3,1,1,Windows 11,Home,12,11502287,11502287,0.0,2875.57
1100,Dell,Dell 4534,2 en 1,AMD,Ryzen 5,11,9.0,14,2.57,4.51,16,DDR4,3200,256,SSD,0,AMD,Radeon Graphics,Integrada,0,13.3,1920,1080,OLED,60,1,46.0,1.01,30.3,21.3,1.82,WiFi 5,5.1,3,2,1,Windows 11,Pro,6,4355630,5444538,20.0,1088.91
1101,Dell,Dell 2278,Profesional,Intel,Core i5,14,6.0,12,2.42,4.73,32,DDR5,5600,1024,SSD,0,Intel,Iris Xe Graphics,Integrada,0,14.0,1920,1080,IPS,60,0,72.5,1.43,31.3,22.8,1.78,WiFi 6E,5.3,3,1,1,Windows 11,Home,12,5384311,5384311,0.0,1346.08
1102,Xiaomi,Xiaomi 2085,Notebook,Intel,Core i3,11,4.0,8,3.17,4.19,8,DDR4,3200,512,SSD,0,Intel,Iris Xe Graphics,Integrada,0,15.6,1366,768,TN,60,0,38.9,1.73,35.4,23.3,1.44,WiFi 5,5.0,3,1,1,Windows 11,Pro,12,2954458,2954458,0.0,738.61
1103,Acer,Acer 7346,Ultrabook,AMD,Ryzen 7,11,9.0,18,2.45,4.99,32,DDR4,2666,1024,SSD,0,AMD,Radeon Graphics,Integrada,0,13.3,2560,1600,OLED,120,1,60.0,1.09,31.4,20.9,2.03,WiFi 5,5.1,3,1,1,Windows 11,Home,6,6245442,6788524,8.0,1561.36
1104,MSI,MSI 4492,Gaming,Intel,Core i5,12,6.0,12,2.32,4.52,16,DDR5,5600,2048,SSD+HDD,1000,NVIDIA,RTX A1000,Dedicada,6,15.6,2560,1600,VA,144,0,69.5,2.09,36.4,23.2,1.57,WiFi 6,5.1,3,1,1,Windows 11,Home,6,10573459,11129957,5.0,2643.36
1105,Samsung,Samsung 8823,Workstation,AMD,Ryzen 9,12,12.0,20,2.31,4.88,32,DDR4,2933,1024,SSD,0,NVIDIA,RTX 4060,Dedicada,8,17.3,3840,2400,IPS,144,0,62.2,2.31,39.3,27.5,1.88,WiFi 5,5.1,3,1,0,Windows 11,Pro,12,11419992,13435285,15.0,2855.0
1106,Samsung,Samsung 2746,2 en 1,Intel,Core i7,12,8.0,16,2.12,4.69,16,DDR5,4800,512,SSD,0,Intel,Iris Xe Graphics,Integrada,0,15.6,1920,1080,IPS,120,1,55.2,1.47,35.8,23.2,1.51,WiFi 6,5.0,3,1,1,Windows 11,Pro,6,5028707,5028707,0.0,1257.18
1107,Apple,Apple 6382,Profesional,Apple,M3,3,8.0,8,2.76,3.64,32,LPDDR5,5600,1024,SSD,0,Apple,GPU Apple,Integrada,0,14.0,1920,1080,OLED,60,0,63.0,1.34,31.2,22.4,2.0,WiFi 5,5.0,4,1,0,macOS,Ventura,12,7816138,8227514,5.0,1954.03
1108,Lenovo,Lenovo 2396,Notebook,AMD,Ryzen 5,11,8.0,14,2.71,4.54,8,DDR4,2666,256,SSD,0,AMD,Radeon Graphics,Integrada,0,17.3,1920,1080,IPS,60,1,37.5,2.24,39.6,26.8,1.57,WiFi 6,5.1,3,1,0,Windows 11,Home,12,4081164,4436048,8.0,1020.29
1109,Samsung,Samsung 7614,Ultrabook,AMD,Ryzen 5,12,8.0,12,2.56,4.56,8,DDR5,5600,512,SSD,0,AMD,Radeon Graphics,Integrada,0,14.0,2560,1600,IPS,60,0,51.9,1.56,31.6,22.4,1.62,WiFi 7,5.3,3,2,0,FreeDOS,,24,3552595,3552595,0.0,888.15
1110,Dell,Dell 4285,Gaming,Intel,Core i7,14,8.0,16,2.25,4.57,16,DDR4,2933,512,SSD+HDD,1000,NVIDIA,RTX 3050,Dedicada,4,17.3,1920,1080,IPS,165,0,66.9,2.7,39.7,27.3,1.49,WiFi 7,5.0,3,1,1,Windows 11,Home,12,8966046,11207558,20.0,2241.51
1111,MSI,MSI 9920,Workstation,Intel,Core i7,13,8.0,16,2.18,4.8,32,DDR4,2666,1024,SSD,0,NVIDIA,RTX 3050,Dedicada,6,15.6,2560,1600,IPS,60,0,63.9,1.89,35.7,24.0,1.43,WiFi 5,5.3,3,1,1,FreeDOS,,12,10863051,10863051,0.0,2715.76
1112,HP,HP 3130,2 en 1,AMD,Ryzen 3,12,4.0,8,2.76,4.07,16,LPDDR4X,4266,256,SSD,0,AMD,Radeon Graphics,Integrada,0,15.6,1920,1080,OLED,60,1,54.8,1.99,35.8,23.1,1.59,WiFi 5,5.3,4,1,1,Windows 11,Home,12,4444826,4678764,5.0,1111.21
1113,Apple,Apple 1532,Profesional,Apple,M3,3,9.0,9,2.77,4.17,16,LPDDR5,6400,1024,SSD,0,Apple,GPU Apple,Integrada,0,16.0,1920,1080,IPS,120,1,,1.78,36.0,24.2,1.74,WiFi 6E,5.1,3,2,1,macOS,Ventura,24,7708338,8564820,10.0,1927.08
1114,Samsung,Samsung 3458,Notebook,AMD,Ryzen 3,13,,8,2.76,3.84,8,DDR5,4800,1000,HDD,0,AMD,Radeon Graphics,Integrada,0,17.3,1920,1080,IPS,60,0,42.3,2.26,39.3,27.4,1.7,WiFi 6,5.0,4,2,1,Windows 11,Pro,12,3180651,3180651,0.0,795.16
1115,Samsung,Samsung 9496,Ultrabook,AMD,Ryzen 7,12,8.0,16,2.4,5.17,8,DDR5,4800,1024,SSD,0,AMD,Radeon Graphics,Integrada,0,15.6,2880,1800,IPS,90,1,61.2,1.37,35.5,23.2,1.89,WiFi 6E,5.0,3,1,0,Windows 11,Pro,6,5515790,6894738,20.0,1378.95
1116,Lenovo,Lenovo 7146,Gaming,AMD,Ryzen 9,12,12.0,20,2.38,5.12,16,DDR5,5600,2048,SSD+HDD,1000,NVIDIA,RTX A2000,Dedicada,8,16.0,1920,1080,OLED,240,0,74.4,2.36,35.9,24.7,1.9,WiFi 7,5.3,3,1,0,Windows 11,Pro,24,11667213,12963570,10.0,2916.8
1117,Dell,Dell 4312,Workstation,AMD,Ryzen 7,14,8.0,16,2.4,4.83,32,DDR4,2933,2048,SSD,0,AMD,RX 7600M,Dedicada,8,16.0,3840,2400,IPS,60,0,65.6,1.56,35.2,23.7,1.52,WiFi 6,4.2,2,2,1,Windows 11,Pro,12,11843851,13933942,15.0,2960.96
1118,HP,HP 3248,2 en 1,Intel,Core i7,13,8.0,16,2.22,4.9,16,DDR4,2933,512,SSD,0,Intel,Iris Xe Graphics,Integrada,0,14.0,2560,1600,OLED,60,1,50.8,1.39,31.1,22.6,1.79,WiFi 6E,5.0,2,2,1,Windows 11,Home,12,5182211,6096719,15.0,1295.55
1119,LG,LG 6434,Profesional,Intel,Core i5,13,6.0,12,2.37,4.51,16,DDR5,5200,1024,SSD,0,Intel,Iris Xe Graphics,Integrada,0,14.0,1920,1080,IPS,60,1,62.8,1.4,31.0,22.4,1.46,WiFi 7,5.3,2,2,1,Windows 11,Pro,12,5189287,5765874,10.0,1297.32
1120,Lenovo,Lenovo 4008,Notebook,AMD,Ryzen 3,11,4.0,8,2.75,4.37,8,DDR4,2666,2000,HDD,0,AMD,Radeon Graphics,Integrada,0,15.6,1920,1080,IPS,60,0,35.8,1.8,35.6,23.6,1.47,WiFi 6,4.2,4,1,0,FreeDOS,,6,3701431,4626789,20.0,925.36
1121,Asus,Asus 3092,Ultrabook,Intel,Core i5,14,6.0,12,2.45,4.35,32,DDR5,5600,512,SSD,0,Intel,Iris Xe Graphics,Integrada,0,15.6,1920,1080,OLED,120,0,64.8,1.78,35.9,23.2,1.93,WiFi 5,5.1,3,1,1,Windows 11,Home,6,6009366,7069842,15.0,1502.34
1122,Xiaomi,Xiaomi 9939,Gaming,Intel,Core i7,14,8.0,16,2.35,4.93,64,DDR4,2666,512,SSD,0,NVIDIA,RTX A1000,Dedicada,6,15.6,1920,1080,OLED,165,0,90.0,2.56,35.8,23.0,1.94,WiFi 7,5.1,2,1,1,Windows 11,Home,6,11732978,12350503,5.0,2933.24
1123,Acer,Acer 9936,Workstation,Intel,Core i7,13,8.0,16,2.25,5.01,32,DDR5,5200,2048,SSD,0,NVIDIA,RTX 4060,Dedicada,8,15.6,1920,1080,IPS,144,0,70.6,1.79,36.0,23.0,1.72,WiFi 5,5.3,4,1,1,Windows 11,Pro,12,11552152,11552152,0.0,2888.04
1124,Samsung,Samsung 6527,2 en 1,Intel,Core i7,11,8.0,16,2.14,4.84,8,DDR4,2933,256,SSD,0,Intel,Iris Xe Graphics,Integrada,0,14.0,2560,1600,IPS,120,1,53.0,1.57,31.7,22.0,1.68,WiFi 5,5.0,4,1,1,Windows 11,Home,6,7582311,7981380,5.0,1895.58
1125,Acer,Acer 4431,Profesional,AMD,Ryzen 5,12,8.0,12,2.6,4.67,32,DDR5,5600,1024,SSD,0,AMD,Radeon Graphics,Integrada,0,16.0,2560,1600,IPS,60,0,67.3,1.77,36.3,24.5,1.71,WiFi 7,5.0,2,1,1,Windows 11,Home,12,5299578,5578503,5.0,1324.89
1126,Xiaomi,Xiaomi 1267,Notebook,Intel,Core i5,10,6.0,12,2.32,4.6,8,DDR4,2666,512,SSD,1000,Intel,Iris Xe Graphics,Integrada,0,17.3,1920,1080,TN,60,0,45.4,2.34,39.5,26.9,1.73,WiFi 5,4.2,3,1,1,Windows 11,Home,6,3459568,3459568,0.0,864.89
1127,Apple,Apple 5994,Ultrabook,Apple,M2,2,8.0,8,2.54,3.43,16,LPDDR5,5600,512,SSD,0,Apple,GPU Apple,Integrada,0,14.0,2560,1600,OLED,120,1,69.9,1.1,30.8,21.8,1.55,WiFi 5,4.2,2,1,1,FreeDOS,,24,7005507,7005507,0.0,1751.38
1128,Acer,Acer 4651,Gaming,AMD,Ryzen 5,14,,12,2.74,4.64,16,DDR5,4800,1024,SSD+HDD,1000,AMD,RX 7600M,Dedicada,8,17.3,2560,1600,IPS,165,0,71.4,2.66,39.8,27.0,1.46,WiFi 7,4.2,4,1,0,Windows 11,Pro,6,10498537,10498537,0.0,2624.63
1129,Acer,Acer 6903,Workstation,AMD,Ryzen 9,14,12.0,20,2.31,5.02,32,DDR4,2933,1024,SSD,0,NVIDIA,RTX 3050,Dedicada,4,16.0,1920,1080,IPS,60,0,91.4,1.87,36.2,24.5,1.76,WiFi 6,4.2,3,2,0,Windows 11,Pro,12,9331546,10978289,15.0,2332.89
1130,Acer,Acer 8651,2 en 1,AMD,Ryzen 3,11,5.0,8,2.71,4.16,8,DDR4,2666,256,SSD,0,AMD,Radeon Graphics,Integrada,0,13.3,1920,1080,OLED,120,1,60.5,1.17,30.2,21.4,2.02,WiFi 6E,4.2,3,1,0,Windows 11,Pro,6,3793334,4214816,10.0,948.33
1131,Asus,Asus 3292,Profesional,Intel,Core i7,14,8.0,16,2.26,4.95,32,DDR5,4800,1024,SSD,0,Intel,Iris Xe Graphics,Integrada,0,14.0,1920,1080,IPS,60,0,73.9,1.32,31.6,22.4,1.55,WiFi 5,5.2,3,1,1,Windows 11,Home,12,6160543,6160543,0.0,1540.14
1132,Samsung,Samsung 4426,Notebook,Intel,Core i5,12,7.0,14,2.3,4.83,16,DDR5,5600,256,SSD,0,Intel,Iris Xe Graphics,Integrada,0,14.0,1920,1080,TN,60,0,,1.53,31.8,22.3,1.72,WiFi 6,5.2,4,1,1,Windows 11,Home,12,3431412,3431412,0.0,857.85
1133,Samsung,Samsung 5727,Ultrabook,AMD,Ryzen 5,11,8.0,12,2.66,4.4,32,DDR4,2933,512,SSD,0,AMD,Radeon Graphics,Integrada,0,13.3,2880,1800,OLED,60,1,74.9,1.18,30.2,21.3,1.66,WiFi 6,5.0,3,2,1,Windows 11,Home,12,5313686,5904096,10.0,1328.42
1134,Asus,Asus 5935,Gaming,Intel,Core i9,14,16.0,24,1.95,5.44,16,DDR5,4800,2048,SSD,0,NVIDIA,RTX 3050,Dedicada,4,17.3,2560,1600,OLED,165,0,72.6,2.55,39.0,27.0,1.5,WiFi 5,5.1,2,1,0,Windows 11,Home,6,10069747,10945377,8.0,2517.44
1135,LG,LG 9710,Workstation,Intel,Core i9,13,15.0,24,2.16,5.51,32,DDR4,2933,2048,SSD,0,AMD,RX 7600M,Dedicada,8,16.0,2560,1600,IPS,144,0,72.8,1.88,36.1,24.7,1.74,WiFi 5,5.1,4,1,0,Windows 11,Pro,24,12381153,13032793,5.0,3095.29
1136,MSI,MSI 5274,2 en 1,Intel,Core i7,12,9.0,17,2.09,4.71,16,DDR5,4800,256,SSD,0,Intel,Iris Xe Graphics,Integrada,0,13.3,1920,1080,OLED,60,1,44.2,1.48,30.9,21.6,1.89,WiFi 7,4.2,2,1,1,Windows 11,Home,12,5124316,5693684,10.0,1281.08
1137,MSI,MSI 6845,Profesional,Intel,Core i7,12,8.0,16,2.23,4.98,32,DDR5,5600,1024,SSD,0,Intel,Iris Xe Graphics,Integrada,0,15.6,2560,1600,IPS,120,0,69.9,1.47,35.0,23.0,1.95,WiFi 7,4.2,3,1,1,Windows 11,Pro,12,7092611,8344248,15.0,1773.15
1138,HP,HP 2798,Notebook,AMD,Ryzen 5,10,8.0,12,2.6,4.67,16,DDR4,2666,1000,HDD,0,AMD,Radeon Graphics,Integrada,0,14.0,1366,768,IPS,60,1,40.2,1.53,31.0,21.8,1.51,WiFi 6E,5.0,3,1,1,Windows 11,Home,24,3917355,3917355,0.0,979.34
1139,LG,LG 2261,Ultrabook,AMD,Ryzen 7,13,8.0,16,2.48,4.94,8,DDR5,5200,512,SSD,0,AMD,Radeon Graphics,Integrada,0,15.6,2560,1600,OLED,60,1,54.4,2.04,35.8,23.7,1.74,WiFi 6,4.2,4,1,1,Windows 11,Home,12,4404176,5181384,15.0,1101.04
1140,Lenovo,Lenovo 3507,Gaming,Intel,Core i7,13,8.0,16,2.27,5.08,16,DDR4,3200,512,SSD+HDD,1000,NVIDIA,RTX 4050,Dedicada,6,16.0,2560,1600,VA,165,0,58.4,2.64,36.3,24.3,1.72,WiFi 6E,5.2,4,1,0,Windows 11,Home,24,9871012,10729361,8.0,2467.75
1141,Lenovo,Lenovo 2159,Workstation,Intel,Core i7,13,8.0,16,2.4,4.9,32,DDR5,5200,2048,SSD,0,NVIDIA,RTX 4080,Dedicada,12,16.0,2560,1600,IPS,60,0,79.5,2.15,36.0,24.4,1.54,WiFi 6E,5.0,3,2,1,Windows 11,Home,12,13298576,13298576,0.0,3324.64
1142,Dell,Dell 2779,2 en 1,AMD,Ryzen 5,11,8.0,12,2.76,4.53,16,DDR4,2666,512,SSD,0,AMD,Radeon Graphics,Integrada,0,15.6,2560,1600,IPS,60,1,58.6,2.12,35.4,23.0,1.92,WiFi 6,4.2,4,1,0,Windows 11,Pro,24,4789796,5206300,8.0,1197.45
1143,Dell,Dell 6478,Profesional,Intel,Core i5,13,6.0,12,2.37,4.71,16,DDR4,2666,512,SSD,0,Intel,Iris Xe Graphics,Integrada,0,14.0,1920,1080,OLED,60,0,72.3,1.58,32.0,22.3,1.46,WiFi 5,5.1,3,1,1,Windows 11,Home,24,3902843,3902843,0.0,975.71
1144,HP,HP 1487,Notebook,Intel,Core i3,10,4.0,8,3.13,4.29,8,LPDDR4X,4266,256,SSD,1000,Intel,Iris Xe Graphics,Integrada,0,14.0,1366,768,IPS,60,0,37.4,1.62,31.3,21.3,2.01,WiFi 5,4.2,3,1,1,Windows 11,Home,24,2831852,3539815,20.0,707.96
1145,Apple,Apple 2459,Ultrabook,Apple,M2,2,8.0,8,2.45,3.63,16,LPDDR5,5600,1024,SSD,0,Apple,GPU Apple,Integrada,0,14.0,2560,1600,IPS,60,1,61.6,1.34,31.2,22.0,1.86,WiFi 6,5.0,2,1,1,macOS,Ventura,12,7086886,7874318,10.0,1771.72
1146,Acer,Acer 1572,Gaming,AMD,Ryzen 7,12,7.0,16,2.49,4.93,32,DDR5,5200,2048,SSD+HDD,1000,NVIDIA,RTX 4070,Dedicada,8,15.6,1920,1080,IPS,300,0,58.1,2.7,35.6,23.4,1.83,WiFi 5,4.2,4,1,1,Windows 11,Home,12,13016945,13016945,0.0,3254.24
1147,Samsung,Samsung 1698,Workstation,Intel,Core i7,12,8.0,16,2.13,5.04,64,DDR5,5200,1024,SSD,0,NVIDIA,RTX 4060,Dedicada,8,15.6,2560,1600,,60,0,63.4,1.75,36.1,22.8,1.59,WiFi 7,5.3,3,1,1,Windows 11,Pro,24,12392047,12392047,0.0,3098.01
1148,Lenovo,Lenovo 9916,2 en 1,AMD,Ryzen 3,11,5.0,9,2.96,4.32,8,LPDDR4X,4266,512,SSD,0,AMD,Radeon Graphics,Integrada,0,13.3,2560,1600,OLED,120,1,44.2,1.39,30.0,21.3,1.98,WiFi 5,5.0,3,2,1,Windows 11,Home,24,4093131,4093131,0.0,1023.28
1149,HP,HP 1770,Profesional,Intel,Core i5,12,6.0,12,2.34,4.52,16,DDR5,4800,512,SSD,0,Intel,Iris Xe Graphics,Integrada,0,15.6,1920,1080,OLED,60,0,72.9,1.75,35.8,23.2,1.45,WiFi 6E,5.2,3,2,1,Windows 11,Pro,12,4213883,5267354,20.0,1053.47
1150,LG,LG 3656,Notebook,Intel,Core i3,10,4.0,8,3.04,4.18,8,LPDDR4X,4266,512,SSD+HDD,2000,Intel,Iris Xe Graphics,Integrada,0,14.0,1920,1080,TN,60,0,47.7,1.42,31.1,22.1,1.64,WiFi 5,5.1,3,1,0,Windows 11,Home,24,4078810,4532011,10.0,1019.7
1151,Dell,Dell 8913,Ultrabook,AMD,Ryzen 7,11,8.0,16,2.48,4.64,16,DDR4,2933,512,SSD,0,AMD,Radeon Graphics,Integrada,0,13.3,1920,1080,IPS,120,0,,1.04,30.6,21.3,2.0,WiFi 5,5.1,3,1,0,Windows 11,Pro,12,4893933,5437703,10.0,1223.48
1152,Acer,Acer 9636,Gaming,AMD,Ryzen 5,13,8.0,12,2.47,4.47,16,DDR5,4800,2048,SSD,0,NVIDIA,RTX 3050,Dedicada,6,17.3,1920,1080,IPS,165,0,65.9,2.57,39.0,26.9,1.39,WiFi 5,4.2,2,1,0,Windows 11,Pro,12,9651891,12064864,20.0,2412.97
1153,Samsung,Samsung 6580,Workstation,AMD,Ryzen 7,13,8.0,16,2.52,5.24,64,DDR5,5200,2048,SSD,0,NVIDIA,RTX 3050,Dedicada,4,15.6,1920,1080,IPS,144,0,67.5,1.89,35.6,23.2,1.56,WiFi 7,5.2,2,1,0,Windows 11,Pro,6,11906045,12941353,8.0,2976.51
1154,Dell,Dell 9431,2 en 1,AMD,Ryzen 5,12,8.0,12,2.65,4.66,8,DDR5,5600,512,SSD,0,AMD,Radeon Graphics,Integrada,0,14.0,1920,1080,IPS,60,1,44.4,1.12,30.9,22.0,2.03,WiFi 7,5.3,2,1,0,Windows 11,Home,12,4290138,5047221,15.0,1072.53
1155,Dell,Dell 1235,Profesional,AMD,Ryzen 5,13,8.0,12,2.54,4.75,16,DDR5,4800,512,SSD,0,AMD,Radeon Graphics,Integrada,0,16.0,1920,1080,IPS,60,1,58.7,1.95,35.9,24.1,1.72,WiFi 6,4.2,4,2,1,Windows 11,Pro,12,4819704,5355227,10.0,1204.93
1156,Asus,Asus 5458,Notebook,Intel,Core i3,11,4.0,8,3.02,4.24,8,LPDDR4X,3733,1000,HDD,0,Intel,Iris Xe Graphics,Integrada,0,15.6,1920,1080,IPS,60,0,45.6,1.9,35.7,22.9,1.85,WiFi 5,4.2,3,2,0,Windows 11,Home,6,3422884,3422884,0.0,855.72
1157,Apple,Apple 1108,Ultrabook,Apple,M2,2,8.0,8,2.39,3.43,16,LPDDR5,5600,1024,SSD,0,Apple,GPU Apple,Integrada,0,15.6,1920,1080,IPS,60,0,64.3,1.52,35.2,23.4,1.59,WiFi 6,5.0,2,1,1,macOS,Ventura,12,7045297,7045297,0.0,1761.32
1158,MSI,MSI 9341,Gaming,Intel,Core i5,12,6.0,12,2.48,4.36,32,DDR4,2666,512,SSD,1000,NVIDIA,RTX 4070,Dedicada,8,15.6,2560,1600,VA,165,0,65.8,2.37,35.3,22.8,1.93,WiFi 5,5.3,2,1,1,FreeDOS,,24,11072801,13841001,20.0,2768.2
1159,Samsung,Samsung 1576,Workstation,Intel,Core i7,13,8.0,17,2.28,5.15,64,DDR5,5200,2048,SSD,0,NVIDIA,RTX A1000,Dedicada,6,15.6,3840,2400,IPS,144,0,82.0,1.37,35.6,23.0,1.68,WiFi 7,4.2,3,1,1,Windows 11,Home,12,12193509,12193509,0.0,3048.38
1160,Dell,Dell 3900,2 en 1,AMD,Ryzen 5,13,8.0,12,2.59,4.16,8,DDR5,5200,256,SSD,0,AMD,Radeon Graphics,Integrada,0,13.3,1920,1080,,120,1,55.0,1.05,30.4,21.6,1.95,WiFi 5,5.3,4,1,0,Windows 11,Pro,6,3998908,4346639,8.0,999.73
1161,Dell,Dell 3317,Profesional,Intel,Core i7,14,7.0,18,2.13,4.89,16,DDR4,2933,512,SSD,0,Intel,Iris Xe Graphics,Integrada,0,16.0,2560,1600,OLED,60,0,49.1,1.79,35.3,23.9,1.7,WiFi 5,5.3,3,2,0,Windows 11,Pro,6,8760470,8760470,0.0,2190.12
1162,Asus,Asus 7346,Notebook,Intel,Core i5,11,6.0,12,2.25,4.41,8,LPDDR4X,3733,256,SSD,0,Intel,Iris Xe Graphics,Integrada,0,15.6,1366,768,TN,120,1,,1.54,35.3,23.2,1.63,WiFi 6,5.1,4,1,1,Windows 11,Home,24,3482608,3665903,5.0,870.65
1163,Samsung,Samsung 4465,Ultrabook,AMD,Ryzen 7,11,8.0,16,2.39,5.06,16,DDR4,3200,1024,SSD,0,AMD,Radeon Graphics,Integrada,0,13.3,2560,1600,,60,0,71.8,1.22,30.4,20.7,1.83,WiFi 5,5.1,3,2,1,Windows 11,Home,24,4967383,5228824,5.0,1241.85
1164,Lenovo,Lenovo 8193,Gaming,Intel,Core i5,13,6.0,12,2.36,4.77,32,DDR5,5600,1024,SSD,0,NVIDIA,RTX A2000,Dedicada,8,17.3,2560,1600,OLED,144,0,60.0,2.4,40.0,27.1,1.76,WiFi 5,5.1,4,2,1,Windows 11,Home,24,10472893,10472893,0.0,2618.22
1165,LG,LG 3969,Workstation,AMD,Ryzen 7,12,8.0,16,2.26,4.97,64,DDR5,5200,2048,SSD,0,NVIDIA,RTX 3050,Dedicada,4,15.6,1920,1080,IPS,60,0,66.4,1.55,36.4,23.3,1.53,WiFi 5,5.0,3,1,1,Windows 11,Pro,12,10892713,10892713,0.0,2723.18
1166,LG,LG 9759,2 en 1,AMD,Ryzen 7,11,8.0,16,2.53,5.03,8,DDR4,3200,512,SSD,0,AMD,Radeon Graphics,Integrada,0,14.0,1920,1080,IPS,60,1,55.5,1.46,31.6,22.2,1.74,WiFi 6,5.0,3,1,1,Windows 11,Home,12,4495230,4731821,5.0,1123.81
1167,Acer,Acer 9929,Profesional,Intel,Core i5,13,6.0,12,2.56,4.57,32,LPDDR4X,3733,512,SSD,0,Intel,Iris Xe Graphics,Integrada,0,14.0,2560,1600,IPS,60,0,52.2,1.53,31.3,22.5,1.6,WiFi 5,5.2,3,2,1,Windows 11,Pro,12,4874474,6093092,20.0,1218.62
1168,Asus,Asus 3218,Notebook,Intel,Core i5,11,6.0,12,2.31,4.84,8,DDR4,2666,512,SSD,0,Intel,Iris Xe Graphics,Integrada,0,15.6,1366,768,IPS,120,0,37.2,1.79,35.7,23.1,1.65,WiFi 6E,4.2,3,2,0,FreeDOS,,24,3386810,3386810,0.0,846.7
1169,MSI,MSI 2287,Ultrabook,AMD,Ryzen 5,12,8.0,12,2.76,4.66,16,LPDDR4X,4266,512,SSD,0,AMD,Radeon Graphics,Integrada,0,15.6,2560,1600,IPS,60,0,59.5,1.65,35.9,22.5,1.75,WiFi 5,5.3,3,1,1,,Home,12,4878737,5420819,10.0,1219.68
1170,Acer,Acer 2891,Gaming,Intel,Core i7,13,8.0,16,2.25,5.03,32,DDR5,5200,1024,SSD+HDD,1000,NVIDIA,RTX 4080,Dedicada,12,15.6,2560,1600,VA,165,0,,2.39,35.8,23.2,1.5,WiFi 6,5.0,3,1,1,Windows 11,Home,12,12929511,16161889,20.0,3232.38
1171,Dell,Dell 4112,Workstation,AMD,Ryzen 9,14,11.0,22,2.25,4.99,32,DDR4,2666,1024,SSD,0,NVIDIA,RTX 4070,Dedicada,8,15.6,3840,2400,IPS,144,0,65.6,2.08,35.9,22.5,1.64,WiFi 7,5.3,3,1,1,Windows 11,Pro,12,11701634,11701634,0.0,2925.41
1172,Dell,Dell 3139,2 en 1,Intel,Core i7,13,8.0,16,2.26,4.79,16,DDR5,4800,512,SSD,0,Intel,Iris Xe Graphics,Integrada,0,13.3,1920,1080,OLED,60,1,,1.64,29.8,22.0,1.53,WiFi 6E,5.2,3,1,1,Windows 11,Home,12,4988494,4988494,0.0,1247.12
1173,MSI,MSI 4431,Profesional,AMD,Ryzen 7,12,7.0,17,2.47,5.08,32,DDR5,5600,512,SSD,0,AMD,Radeon Graphics,Integrada,0,15.6,2560,1600,OLED,60,0,67.8,1.59,35.8,22.9,1.78,WiFi 6E,5.3,2,2,1,Windows 11,Pro,24,6555005,7711771,15.0,1638.75
1174,MSI,MSI 7521,Notebook,AMD,Ryzen 3,11,4.0,8,2.83,4.33,8,DDR4,3200,512,SSD,0,AMD,Radeon Graphics,Integrada,0,15.6,1920,1080,TN,60,1,47.4,1.59,35.2,23.6,1.83,WiFi 6E,5.0,3,1,1,Windows 11,Pro,6,3961429,4305901,8.0,990.36
1175,HP,HP 9349,Ultrabook,AMD,Ryzen 7,12,8.0,16,2.46,4.61,8,DDR5,4800,512,SSD,0,AMD,Radeon Graphics,Integrada,0,13.3,2880,1800,IPS,60,1,62.4,1.17,30.5,21.3,1.52,WiFi 7,4.2,4,1,1,Windows 11,Home,12,4518850,4518850,0.0,1129.71
1176,Dell,Dell 5422,Gaming,Intel,Core i9,13,16.0,24,2.02,5.3,16,DDR5,5200,2048,SSD+HDD,1000,NVIDIA,RTX 4080,Dedicada,12,15.6,1920,1080,VA,165,0,84.9,2.04,35.5,22.6,1.78,WiFi 6,5.1,3,1,1,Windows 11,Home,6,12847206,16059008,20.0,3211.8
1177,Asus,Asus 2859,Workstation,AMD,Ryzen 9,13,12.0,20,2.21,5.12,32,DDR5,5600,2048,SSD,0,NVIDIA,RTX 3050,Dedicada,4,16.0,2560,1600,IPS,120,0,81.1,1.9,36.0,24.3,1.47,WiFi 5,5.1,3,1,1,Windows 11,Pro,12,10512958,10512958,0.0,2628.24
1178,Lenovo,Lenovo 6649,2 en 1,Intel,Core i5,11,6.0,12,2.36,4.53,8,LPDDR4X,4266,512,SSD,0,Intel,Iris Xe Graphics,Integrada,0,15.6,1920,1080,OLED,120,1,49.3,1.82,35.7,23.5,1.44,WiFi 6,5.1,3,1,0,Windows 11,Home,12,4250553,4474266,5.0,1062.64
1179,Samsung,Samsung 6872,Profesional,AMD,Ryzen 5,13,8.0,12,2.58,4.31,32,DDR5,5600,1024,SSD,0,AMD,Radeon Graphics,Integrada,0,15.6,2560,1600,OLED,60,0,66.5,1.58,35.6,22.4,1.56,WiFi 6E,5.3,2,2,1,Windows 11,Pro,12,5504871,5983555,8.0,1376.22
1180,Samsung,Samsung 1045,Notebook,AMD,Ryzen 3,12,4.0,8,2.61,4.26,8,DDR5,5200,256,SSD+HDD,2000,AMD,Radeon Graphics,Integrada,0,15.6,1366,768,TN,60,0,41.6,1.63,35.9,23.3,1.8,WiFi 7,4.2,4,1,0,Windows 11,Home,12,4165574,4384815,5.0,1041.39
1181,HP,HP 8473,Ultrabook,Intel,Core i7,12,8.0,16,2.2,4.85,8,DDR5,4800,512,SSD,0,Intel,Iris Xe Graphics,Integrada,0,15.6,2560,1600,IPS,60,0,70.8,1.98,36.3,22.8,1.64,WiFi 6,5.2,4,1,0,Windows 11,Pro,12,3857587,4821984,20.0,964.4
1182,Xiaomi,Xiaomi 1269,Gaming,AMD,Ryzen 9,13,12.0,20,2.42,4.99,32,DDR4,3200,1024,SSD+HDD,1000,NVIDIA,RTX 3050,Dedicada,6,15.6,2560,1600,IPS,165,0,69.7,2.21,35.8,22.9,1.8,WiFi 6E,5.2,2,2,1,Windows 11,Pro,12,10672920,12556376,15.0,2668.23
1183,Acer,Acer 6274,Workstation,Intel,Core i9,13,16.0,24,2.09,5.44,32,DDR5,5200,1024,SSD,0,NVIDIA,RTX 4070,Dedicada,8,16.0,3840,2400,IPS,60,0,78.2,1.65,35.5,25.2,1.9,WiFi 5,5.0,3,1,1,Windows 11,Home,6,11303908,13298715,15.0,2825.98
1184,Acer,Acer 9630,2 en 1,AMD,Ryzen 3,11,4.0,8,2.87,4.02,8,DDR4,2933,256,SSD,0,AMD,Radeon Graphics,Integrada,0,14.0,2560,1600,IPS,60,1,60.5,1.29,31.4,21.7,1.8,WiFi 5,4.2,2,1,0,Windows 11,Pro,24,3630651,3821738,5.0,907.66
1185,Lenovo,Lenovo 7450,Profesional,Intel,Core i5,12,6.0,12,2.43,4.79,32,LPDDR4X,3733,512,SSD,0,Intel,Iris Xe Graphics,Integrada,0,15.6,1920,1080,IPS,60,0,61.6,1.48,35.3,22.8,1.59,WiFi 6E,4.2,2,1,0,Windows 11,Home,12,5028943,5028943,0.0,1257.24
1186,LG,LG 7016,Notebook,Intel,Core i3,10,5.0,9,3.34,4.06,16,DDR4,2933,1000,HDD,0,Intel,Iris Xe Graphics,Integrada,0,15.6,1366,768,IPS,60,0,48.5,1.46,35.3,23.2,1.66,WiFi 6E,5.1,3,1,1,Windows 11,Home,6,3480924,3480924,0.0,870.23
1187,HP,HP 3255,Ultrabook,Intel,Core i5,11,6.0,12,2.49,4.72,16,DDR4,3200,1024,SSD,0,Intel,Iris Xe Graphics,Integrada,0,14.0,1920,1080,IPS,90,0,56.9,1.24,30.4,21.9,1.54,WiFi 5,5.1,2,1,1,Windows 11,Home,6,4729117,5254574,10.0,1182.28
1188,Samsung,Samsung 4981,Gaming,Intel,Core i7,14,7.0,17,2.19,4.89,16,LPDDR4X,4266,512,SSD+HDD,1000,NVIDIA,RTX 4080,Dedicada,12,16.0,2560,1600,VA,165,0,60.0,2.29,35.8,24.9,1.74,WiFi 7,4.2,3,1,0,Windows 11,Pro,24,12235058,15293822,20.0,3058.76
1189,LG,LG 7662,Workstation,AMD,Ryzen 7,14,8.0,16,2.34,4.74,32,DDR5,5200,1024,SSD,0,AMD,RX 7600M,Dedicada,8,16.0,2560,1600,IPS,60,0,86.4,1.64,35.5,24.7,1.69,WiFi 6,5.3,2,1,0,Windows 11,Pro,12,10601359,12472187,15.0,2650.34
1190,HP,HP 4012,2 en 1,AMD,Ryzen 5,11,8.0,12,2.72,4.36,16,DDR4,3200,512,SSD,0,AMD,Radeon Graphics,Integrada,0,15.6,2560,1600,OLED,60,1,42.6,1.85,35.8,22.9,1.64,WiFi 6E,5.0,3,1,1,Windows 11,Home,24,4127767,4486703,8.0,1031.94
1191,Acer,Acer 4952,Profesional,Intel,Core i7,13,8.0,16,2.32,4.95,16,DDR5,5200,512,SSD,0,Intel,Iris Xe Graphics,Integrada,0,14.0,2560,1600,IPS,60,0,59.0,1.4,31.1,21.8,1.56,WiFi 5,5.1,2,1,1,Windows 11,Pro,12,4826121,5080127,5.0,1206.53
1192,Samsung,Samsung 4466,Notebook,AMD,Ryzen 3,10,4.0,8,2.68,4.13,8,LPDDR4X,4266,512,SSD,0,AMD,Radeon Graphics,Integrada,0,15.6,1366,768,TN,120,1,46.8,1.46,35.7,23.1,1.55,WiFi 6E,5.1,3,1,1,Windows 11,Pro,24,3408078,3587451,5.0,852.02
1193,Acer,Acer 4835,Ultrabook,Intel,Core i5,14,6.0,12,2.44,4.52,16,DDR4,3200,1024,SSD,0,Intel,Iris Xe Graphics,Integrada,0,14.0,1920,1080,IPS,60,0,68.0,1.09,31.2,21.9,1.74,WiFi 5,5.2,3,1,0,Windows 11,Home,6,4895247,5152892,5.0,1223.81
1194,Xiaomi,Xiaomi 9900,Gaming,Intel,Core i7,13,8.0,16,2.18,5.11,64,DDR5,4800,512,SSD,0,NVIDIA,RTX 3050,Dedicada,4,15.6,2560,1600,VA,144,0,75.1,2.14,35.8,23.4,1.65,WiFi 6E,5.0,3,2,0,Windows 11,Home,6,10127706,10127706,0.0,2531.93
1195,Xiaomi,Xiaomi 2205,Workstation,Intel,Core i9,14,16.0,24,2.02,5.22,32,DDR5,5600,2048,SSD,0,NVIDIA,RTX 4060,Dedicada,8,17.3,1920,1080,IPS,120,0,63.2,2.26,39.8,27.2,1.84,WiFi 6E,5.3,3,1,1,Windows 11,Pro,24,13159900,16449875,20.0,3289.97
1196,Lenovo,Lenovo 5038,2 en 1,Intel,Core i5,12,6.0,12,2.45,4.48,16,LPDDR4X,3733,512,SSD,0,Intel,Iris Xe Graphics,Integrada,0,14.0,2560,1600,IPS,60,1,45.5,1.49,30.9,22.6,1.57,WiFi 7,4.2,3,1,1,Windows 11,Pro,12,4593214,4992624,8.0,1148.3
1197,Asus,Asus 9784,Profesional,Intel,Core i7,12,8.0,17,2.14,5.11,32,DDR5,4800,1024,SSD,0,Intel,Iris Xe Graphics,Integrada,0,15.6,1920,1080,IPS,120,0,54.3,1.65,36.0,23.0,1.59,WiFi 6E,5.1,4,1,1,Windows 11,Pro,6,6129458,7211127,15.0,1532.36
1198,Samsung,Samsung 8614,Notebook,Intel,Core i5,12,5.0,13,2.51,4.67,8,DDR4,2933,2000,HDD,0,Intel,Iris Xe Graphics,Integrada,0,17.3,1920,1080,IPS,60,0,36.7,2.01,40.2,27.2,1.81,WiFi 6E,5.2,4,1,1,Windows 11,Home,6,8199911,8199911,0.0,2049.98
1199,Acer,Acer 5573,Ultrabook,AMD,Ryzen 7,13,8.0,16,2.19,4.78,32,LPDDR4X,4266,512,SSD,0,AMD,Radeon Graphics,Integrada,0,13.3,2560,1600,OLED,120,1,70.2,1.31,30.4,21.7,1.95,WiFi 6E,5.3,3,1,0,Windows 11,Pro,6,6050583,6050583,0.0,1512.65
1200,MSI,MSI 3691,Gaming,Intel,Core i9,14,17.0,25,1.9,5.48,16,DDR5,5200,512,SSD+HDD,1000,NVIDIA,RTX 3050,Dedicada,6,15.6,2560,1600,OLED,300,0,58.8,2.36,36.4,23.4,1.45,WiFi 7,5.1,3,2,1,Windows 11,Home,6,11615756,12906396,10.0,2903.94
1201,HP,HP 4572,Workstation,AMD,Ryzen 7,14,8.0,16,2.56,4.98,64,DDR5,4800,1024,SSD,0,AMD,RX 7600M,Dedicada,8,16.0,1920,1080,IPS,60,0,86.2,1.77,35.8,24.5,1.83,WiFi 7,5.0,2,1,1,Windows 11,Pro,24,12842968,15109374,15.0,3210.74
1202,MSI,MSI 9053,2 en 1,Intel,Core i3,13,4.0,8,3.02,4.14,8,DDR5,4800,256,SSD,0,Intel,Iris Xe Graphics,Integrada,0,13.3,2560,1600,IPS,120,1,53.4,1.03,30.7,21.9,2.02,WiFi 5,5.3,3,1,0,FreeDOS,,12,4862604,5285439,8.0,1215.65
1203,Asus,Asus 9025,Profesional,Intel,Core i5,14,6.0,12,2.35,4.73,16,DDR5,5600,512,SSD,0,Intel,Iris Xe Graphics,Integrada,0,16.0,2560,1600,IPS,120,0,72.8,1.46,35.7,24.2,1.88,WiFi 6E,5.0,3,1,1,Windows 11,Pro,12,5031871,5469425,8.0,1257.97
1204,Xiaomi,Xiaomi 2388,Notebook,AMD,Ryzen 5,12,9.0,13,2.77,4.39,8,DDR5,4800,1000,HDD,0,AMD,Radeon Graphics,Integrada,0,17.3,1920,1080,IPS,60,0,38.2,2.04,39.6,27.1,1.36,WiFi 6E,5.0,2,1,1,Windows 11,Home,24,3760426,4087420,8.0,940.11
1205,HP,HP 4343,Ultrabook,AMD,Ryzen 7,11,8.0,16,2.43,5.21,32,DDR4,2933,512,SSD,0,AMD,Radeon Graphics,Integrada,0,14.0,2560,1600,IPS,90,0,69.0,1.24,31.2,22.2,1.9,WiFi 6,4.2,3,1,1,Windows 11,Home,12,5294664,6618330,20.0,1323.67
1206,MSI,MSI 9653,Gaming,AMD,Ryzen 9,12,12.0,20,2.35,5.09,16,DDR5,4800,2048,SSD+HDD,1000,NVIDIA,RTX 3050,Dedicada,4,16.0,2560,1600,IPS,165,0,63.8,2.17,35.8,24.6,1.49,WiFi 6,5.1,3,1,1,Windows 11,Home,6,10459957,10459957,0.0,2614.99
1207,Lenovo,Lenovo 6126,Workstation,Intel,Core i9,13,16.0,24,2.14,5.48,32,DDR4,2933,1024,SSD,0,NVIDIA,RTX 4050,Dedicada,6,15.6,1920,1080,IPS,60,0,65.0,1.66,35.8,22.8,1.89,WiFi 7,5.1,3,1,1,Windows 11,Pro,12,10275623,10275623,0.0,2568.91
1208,Acer,Acer 1364,Profesional,Intel,Core i7,12,8.0,18,2.04,4.81,32,DDR5,5600,1024,SSD,0,Intel,Iris Xe Graphics,Integrada,0,16.0,1920,1080,OLED,60,0,65.2,1.73,36.5,24.5,1.47,WiFi 6,5.3,4,2,0,Windows 11,Home,24,5952321,5952321,0.0,1488.08
1209,LG,LG 9966,Gaming,AMD,Ryzen 5,12,8.0,12,2.51,4.33,32,DDR5,5600,2048,SSD+HDD,1000,NVIDIA,RTX A1000,Dedicada,6,17.3,2560,1600,IPS,165,0,72.7,2.76,39.6,27.4,1.41,WiFi 7,5.1,4,2,0,Windows 11,Pro,6,11320045,11320045,0.0,2830.01
1210,Samsung,Samsung 7867,Gaming,Intel,Core i5,13,6.0,12,2.31,4.79,16,DDR5,5600,1024,SSD,0,NVIDIA,RTX A1000,Dedicada,6,15.6,1920,1080,OLED,165,0,88.0,2.3,35.7,23.4,1.73,WiFi 5,5.3,2,1,0,Windows 11,Home,12,8586473,9540526,10.0,2146.62
1211,LG,LG 4294,Workstation,Intel,Core i9,14,16.0,24,2.18,5.34,32,DDR5,5600,1024,SSD,0,NVIDIA,RTX A1000,Dedicada,6,17.3,3840,2400,IPS,120,0,,2.05,39.8,27.3,1.52,WiFi 5,5.1,3,1,0,Windows 11,Home,12,98000000,11214971,0.0,2803.74
1212,Samsung,Samsung 3467,Gaming,AMD,Ryzen 9,13,12.0,20,2.24,5.03,32,DDR4,2666,512,SSD,1000,NVIDIA,RTX 4070,Dedicada,8,15.6,1920,1080,IPS,144,0,84.1,2.12,35.7,23.5,1.54,WiFi 6E,5.1,3,1,0,Windows 11,Home,12,199000,10920123,0.0,2730.03
1213,LG,LG 7047,Workstation,AMD,Ryzen 7,14,8.0,17,2.42,4.89,64,DDR5,5200,1024,SSD,0,AMD,RX 7600M,Dedicada,8,17.3,3840,2400,IPS,60,0,73.9,2.4,39.2,27.3,1.79,WiFi 6,5.1,2,1,1,Windows 11,Pro,12,75000000,14272359,10.0,3211.28
1214,Lenovo,Lenovo 2959,Gaming,AMD,Ryzen 9,13,12.0,20,2.38,4.89,64,DDR5,4800,2048,SSD+HDD,1000,NVIDIA,RTX A1000,Dedicada,6,15.6,1920,1080,IPS,300,0,89.7,88.5,35.4,22.7,1.62,WiFi 6,5.2,4,1,1,Windows 11,Home,12,13911258,17389072,20.0,3477.81
1215,Asus,Asus 4291,Notebook,AMD,Ryzen 5,11,8.0,12,2.7,4.32,16,DDR4,3200,1000,HDD,0,AMD,Radeon Graphics,Integrada,0,14.0,1366,768,TN,60,0,620.0,1.33,31.2,22.3,1.99,WiFi 6,4.2,3,1,0,Windows 11,Pro,12,3749151,3749151,0.0,937.29
1216,Dell,Dell 2136,Ultrabook,AMD,Ryzen 7,13,8.0,18,2.13,5.09,16,DDR5,4800,512,SSD,0,AMD,Radeon Graphics,Integrada,0,3.5,1920,1080,OLED,60,0,70.9,1.51,35.8,22.7,1.55,WiFi 5,4.2,2,2,0,Windows 11,Pro,12,4894825,5320462,8.0,1223.71
1217,Lenovo,Lenovo 2002,Gaming,AMD,Ryzen 9,12,12.0,20,2.32,5.1,2048,DDR5,4800,2048,SSD+HDD,1000,NVIDIA,RTX 3050,Dedicada,4,15.6,1920,1080,VA,165,0,61.8,2.2,36.0,22.6,1.89,WiFi 6,5.1,3,2,0,Windows 11,Pro,12,10573707,10573707,0.0,2643.43
1218,Samsung,Samsung 8997,2 en 1,AMD,Ryzen 7,13,8.0,0,2.45,5.13,8,LPDDR4X,3733,256,SSD,0,AMD,Radeon Graphics,Integrada,0,13.3,1920,1080,IPS,60,1,58.3,0.9,30.8,21.6,1.75,WiFi 7,5.3,3,1,1,Windows 11,Pro,6,4307244,4681787,8.0,1076.81
1219,Asus,Asus 2676,2 en 1,AMD,Ryzen 5,13,8.0,14,2.62,4.34,8,DDR5,5200,256,SSD,0,AMD,Radeon Graphics,Integrada,0,14.0,1920,1080,IPS,60,1,54.4,1.29,31.3,22.3,1.8,WiFi 5,4.2,4,1,1,Windows 11,Home,12,4280923,4280923,0.0,1070.23
1005,Xiaomi,Xiaomi 1759,Profesional,Intel,Core i7,12,8.0,16,2.22,4.93,32,DDR5,4800,512,SSD,0,Intel,Iris Xe Graphics,Integrada,0,15.6,2560,1600,IPS,60,1,68.4,1.45,35.9,23.1,1.5,WiFi 5,5.1,3,1,1,Windows 11,Home,12,5741768,6379742,10.0,1435.44
1021,LG,LG 2380,Workstation,Intel,Core i7,13,8.0,16,2.04,4.59,32,DDR5,4800,2048,SSD,0,NVIDIA,RTX 3050,Dedicada,6,16.0,3840,2400,IPS,60,0,65.2,2.17,35.8,24.5,1.65,WiFi 7,5.0,2,1,1,Windows 11,Pro,12,10733616,11926240,10.0,2683.4
1047,Acer,Acer 5579,Profesional,Intel,Core i5,13,6.0,12,2.41,4.72,32,DDR5,4800,1024,SSD,0,Intel,Iris Xe Graphics,Integrada,0,16.0,2560,1600,OLED,60,1,72.7,1.95,35.9,24.3,1.76,WiFi 6,5.2,3,1,1,Windows 11,Pro,12,6203374,6892638,10.0,1550.84
1063,Asus,Asus 6864,Workstation,Intel,Core i7,14,8.0,18,2.47,4.87,32,DDR5,5200,1024,SSD,0,NVIDIA,RTX A2000,Dedicada,8,15.6,2560,1600,IPS,60,0,64.6,1.37,35.1,23.0,1.51,WiFi 6E,5.1,4,1,1,Windows 11,Home,24,11045824,12273138,10.0,2761.46
1089,LG,LG 6493,Profesional,AMD,Ryzen 5,13,8.0,14,2.62,4.27,16,DDR5,4800,1024,SSD,0,AMD,Radeon Graphics,Integrada,0,14.0,2560,1600,OLED,120,1,51.5,1.06,31.5,22.6,1.66,WiFi 6,4.2,3,1,1,Windows 11,Pro,6,5621351,5621351,0.0,1405.34
1104,MSI,MSI 4492,Gaming,Intel,Core i5,12,6.0,12,2.32,4.52,16,DDR5,5600,2048,SSD+HDD,1000,NVIDIA,RTX A1000,Dedicada,6,15.6,2560,1600,VA,144,0,69.5,2.09,36.4,23.2,1.57,WiFi 6,5.1,3,1,1,Windows 11,Home,6,10573459,11129957,5.0,2643.36
1130,Acer,Acer 8651,2 en 1,AMD,Ryzen 3,11,5.0,8,2.71,4.16,8,DDR4,2666,256,SSD,0,AMD,Radeon Graphics,Integrada,0,13.3,1920,1080,OLED,120,1,60.5,1.17,30.2,21.4,2.02,WiFi 6E,4.2,3,1,0,Windows 11,Pro,6,3793334,4214816,10.0,948.33
1151,Dell,Dell 8913,Ultrabook,AMD,Ryzen 7,11,8.0,16,2.48,4.64,16,DDR4,2933,512,SSD,0,AMD,Radeon Graphics,Integrada,0,13.3,1920,1080,IPS,120,0,,1.04,30.6,21.3,2.0,WiFi 5,5.1,3,1,0,Windows 11,Pro,12,4893933,5437703,10.0,1223.48
